Boot;m/s
JFA1x;4,4296788482834994
JFA2-;4,612546125461255
JFA2x;4,765308553728854
JFA4+;4,842615012106537
JFA4-;5,05050505050505
JFA4x;5,221932114882507
JFA8+;5,405405405405405
JFAL1x;4,329004329004329
JFAL2x;4,69593801361822
JFAL4x;5,091649694501018
JFB1x;4,371903235208394
JFB2-;4,552352048558422
JFB2x;4,703668861712136
JFB4+;4,769475357710652
JFB4-;4,985044865403789
JFB4x;5,190311418685121
JFB4x+;5,098572399728076
JFB8+;5,334281650071124
JFBL1x;4,283266704740148
JFBL2x;4,587155963302752
JFBL4x+;4,838709677419355
JMA1x;4,93339911198816
JMA2-;5,181347150259067
JMA2x;5,341880341880342
JMA4+;5,47945205479452
JMA4-;5,752085130859937
JMA4x;5,797101449275362
JMA8+;6,024096385542169
JMAL1x;4,77326968973747
JMAL2-;5,022601707684581
JMAL2x;5,239717055279015
JMAL4-;5,578800557880056
JMAL4x;5,680204487361545
JMAL8+;5,800464037122969
JMB1x;4,868549172346641
JMB2-;5,114217524718718
JMB2x;5,272407732864675
JMB4+;5,407354001441962
JMB4-;5,677517032551098
JMB4x;5,72737686139748
JMB4x+;5,699088145896657
JMB8+;5,945303210463734
JMBL1x;4,7095761381475665
JMBL2x;5,126452494873547
JMBL4x;5,557613931085588
JMBL4x+;5,403458213256484
SFA1x;4,676174888940847
SFA2-;4,909180166912126
SFA2x;5,033979360684621
SFA4+;5,159958720330237
SFA4-;5,343307507347047
SFA4x;5,467468562055768
SFA8+;5,668934240362812
SFAL1x;4,524886877828054
SFAL2-;4,697183098591549
SFAL2x;4,9838026414154
SFAL4x;5,320563979781857
SFB1x;4,676174888940847
SFB2-;4,909180166912126
SFB2x;5,033979360684621
SFB4+;4,952947003467063
SFB4-;5,343307507347047
SFB4x;5,477951246233908
SFB8+;5,667327854916407
SFBL1x;4,524886877828054
SFBL2-;5,323224261771748
SFBL2x;4,694835680751174
SFBL4x;4,9838026414154
SMA1x;5,1190171487074485
SMA2+;5,0864699898270604
SMA2-;5,4274084124830395
SMA2x;5,5601890464275785
SMA4+;5,633802816901408
SMA4-;5,920663114268798
SMA4x;6,024096385542169
SMA8+;6,277463904582548
SMAL1x;5,0
SMAL2-;5,2356020942408374
SMAL2x;5,474952094169176
SMAL4-;5,829204313611192
SMAL4x;5,836008170411438
SMAL8+;6,0569351907934585
SMB1x;5,1190171487074485
SMB2+;5,0864699898270604
SMB2-;5,4274084124830395
SMB2x;5,5601890464275785
SMB4+;5,730659025787966
SMB4-;5,920663114268798
SMB4x;6,024096385542169
SMB8+;6,277463904582548
SMBL1x;5,0
SMBL2-;5,2631578947368425
SMBL2x;5,474952094169176
SMBL4-;5,829204313611192
SMBL4x;5,836008170411438
SMBL8+;6,0569351907934585
JFAErgo;5,151983513652757
JFALErgo;4,698144233027954
JFBErgo;4,924895345973898
JFBLErgo;4,514672686230249
JMAErgo;5,788712011577425
JMALErgo;5,457025920873124
JMBErgo;5,662514156285391
JMBLErgo;5,347593582887701
SFAErgo;5,22466039707419
SFALErgo;4,833252779120348
SFBErgo;5,22466039707419
SFBLErgo;4,833252779120348
SMAErgo;5,955926146515783
SMALErgo;5,6069526212503495
SMBErgo;5,955926146515783
SMBLErgo;5,6069526212503495
